{
	"flag_dipole":1,
	"extracellular_recording_model_filename":"../bin/default_volume_conductor_potentials.mat",
	"dset_tag": "dset1",
	"outersolnum": 1,
	"xy_coords_um": [0,0],
	"z_min_um":0,
	"z_max_um":30000,
	"interp_type":"linear",
	"stim_location_change_mm": 0,
	"flag_save_SFAPs":0,
	"run_flag":1,
	"fiber_type":"myel",
	"expected_initiation_delay_ms":0,
	"template_data_source_filename":"../bin/template_data_20221004_0_2022100409.mat",
	"fiber_diameters_in_nerve_um":[5.783619,9.015733,6.309208,5.451148,6.525325,9.809012,4.346240,6.843287,2.812493,2.689118,2.413410,2.839420,6.874403,3.390635,3.983583,7.211813,1.832453,6.457209,1.831216,2.490770,5.854810,2.334872,2.287121,1.965727,4.983288,6.474019,6.091019,5.796626,6.155495,4.942858,4.300973,2.152254,1.718861,6.238505,7.902821,4.436690,3.329023,5.526667,3.504411,6.725291,3.076664,4.814311,6.013650,5.400748,4.885046,6.701354,4.261656,7.156365,4.969232,2.466317,2.609852,2.659739,6.689964,2.437233,3.227867,3.123648,5.926990,1.660491,4.121005,7.095793,4.004135,2.741785,3.701913,2.399690,4.848625,3.124695,3.963102,4.163705,4.455392,2.493089,4.463848,3.867634,3.901672,5.432255,2.678259,5.246398,4.245615,2.305594,3.597029,4.264723,6.361428,2.661065,4.245764,4.562444,3.995431,4.709523,4.249690,4.241416,2.232498,5.260320,7.483521,3.804144,4.382023,3.825022,2.007098,2.015518,3.921851,4.436223,4.269590,2.246734,5.154400,3.523229,3.147100,3.401900,1.894580,4.301290,2.368796,4.703523,3.559034,3.751061,3.884483,4.509425,2.278431,4.311444,4.977844,4.959342,4.660142,3.851601,3.810525,4.603321,2.267315,5.206881,4.541639,2.879260,3.980392,3.834985,3.987701,2.532277,5.408862,4.143399,4.469670,2.694567,2.906962,4.687802,4.387336,3.393625,3.188335,3.379987,4.348865,2.366272,3.049574,3.731649,4.288778,3.441675,4.380620,3.963935,4.037373,6.000060,2.622218,4.866520,3.819689,2.562028,3.360388,2.572769,3.122668,4.028888,3.720624,3.712284,3.693933,4.121416,3.472379,4.665293,3.994334,3.577567,4.654234,3.739486,3.813620,3.442437,2.468425,5.369058,2.514255,5.895986,4.488299,4.067287,4.880161,4.894599,3.549301,5.429183,5.574444,7.329181,4.334111,4.016942,4.195642,2.262597,4.822122,4.909232,4.627577,5.044583,3.020227,4.176846,6.764438,4.585056,6.630901,2.442615,4.562930,4.568909,4.231758,5.267986,4.802999,4.388701,2.392105,1.877408,4.835751,8.617425,3.219986,4.615815,2.712598,2.828610,4.886053,5.971339,4.769843,5.120646,4.369220,4.145473,2.337314,5.487547,2.122979,4.110549,1.877161,3.549092,2.191452,2.021577,3.984374,1.934113,2.759656,2.122051,2.906809,2.317594,4.202459,3.990274,1.874596,4.509245,2.614876,4.712354,2.212631,8.901862,5.804804,5.412805,5.905872,5.119898,2.149377,1.910220,2.324383,1.650054,1.801374,5.225418,1.775909,6.405190,4.711650,2.285004,2.049298,1.677473,2.253033,2.560303,2.172417,2.738958,2.045933,1.739881,2.295795,1.226320,1.311621,4.975388,5.878871,1.819503,2.008941,1.713116,2.696064,1.866124,2.155436,2.127147,1.882946,2.554153,2.521669,2.057269,2.087456,1.346132,1.744510,2.562621,2.753146,1.524905,1.555646,6.413989,7.443696,3.010733,4.291888,2.208488,1.457879,2.103169,1.556085,2.159242,1.758269,2.246471,1.519727,1.670833,4.914170,1.385651,1.668325,1.363290,1.682032,2.997146,1.314058,1.453396,7.373470,5.480803,1.644065,1.898906,1.601266,3.182270,1.569221,2.634952,2.025357,1.836732,2.567047,1.790580,2.318547,4.751276,6.939304,1.472690,2.274664,1.202660,1.559058,1.949088,2.417663,1.126279,1.385421,1.954207,1.720497,1.915976,1.959486,1.742088,1.567749,5.064565,6.794895,1.351978,3.986026,1.688701,2.490505,1.472615,1.814433,1.934188,3.996820,3.616368,1.644865,1.335397,1.270556,1.087048,1.516288,1.283082,2.041443,1.835132,2.368788,1.480313,2.150013,1.794133,1.689361,1.520874,2.624692,2.345833,2.586691,1.135907,1.511894,1.689531,1.368068,7.083387,3.825884,4.671258,1.863597,2.757296,1.829604,2.732070,1.669928,2.216257,1.663292,2.284385,3.697286,5.167283,2.064329,1.254818,2.348944,2.712204,2.657042,1.909643,2.932007,1.276856,2.184742,3.150181,1.268960,1.392583,1.871244,2.852509,2.235731,2.472333,2.699774,1.577792,5.365708,1.660403,4.860421,2.218881,1.684599,1.844346,2.649841,1.290724,1.364730,2.139734,2.178355,1.125003,4.746447,1.128918,2.186325,1.093792,1.840852,1.791124,1.939445,1.375035,1.651571,2.177484,1.539316,3.637399,2.282198,1.635975,1.700846,1.109170,1.431109,1.753981,1.913759,1.074965,2.159598,1.403146,4.529780,2.294211,1.747853,1.533902,1.913117,1.976197,1.583548,1.654423,1.193891,1.513065,1.517416,2.045121,1.463290,1.500167,1.992341,1.716630,1.502608,1.959197,1.513153,1.640683,1.494419,1.684466,1.809922,1.157313,1.591710,3.884924,1.825022,1.623565,1.377607,1.578077,1.227297,1.545577,4.741100,2.182772,2.252248,1.372824,5.168314,1.114871,1.651108,5.374522,1.414808,2.547033,2.014281,1.217245,1.468392,1.825144,1.671626,1.965096,2.266250,4.132311,1.868546,2.127316,1.607401,4.194277,2.297253,1.434577,1.736979,1.957455,1.705320,1.896213,1.310142,1.483377,1.522024,1.893162,1.881075,1.401904,1.397244,1.284292,3.148159,3.941393,5.161580,5.076093,1.833149,2.166006,1.317604,1.068152,1.452028,1.473410,1.520520,1.401014,2.224888,1.500912,5.029088,2.443821,2.344006,4.282366,4.456325,1.419449,1.529039,1.573852,1.468566,1.305170,1.222256,3.724152,5.020209,3.870984,3.762509,5.036843,1.739196,3.076878,1.228830,1.991871,1.468239,1.308272,2.323850,1.514762,2.779841,1.155514,1.782606,1.490263,1.736969,1.795851,2.349017,1.158667,1.401000,2.570977,2.106681,2.737014,5.357962,1.546984,4.337806,2.210365,1.708603,1.612490,1.342180,1.530956,3.715082,4.047963,1.309911,5.337239,1.316546,1.342963,1.802366,1.520903,1.221446,1.365142,3.122299,1.384950,1.857822,1.517892,1.779754,2.320963,2.087202,2.056010,2.913676,2.569748,3.552136,1.329098,1.624534,4.564483,1.203030,1.471280,1.797287,1.303922,2.035227,2.227001,1.951964,5.239281,2.419646,5.328875,3.194268,1.260734,5.452493,3.627485,1.822502,1.533353,3.004254,1.912257,2.328742,4.320545,4.859304,1.586313,1.557692,1.430621,1.527787,1.645143,2.995404,3.698902,1.179180,1.948234,1.454058,1.472614,1.313386,3.648819,1.632071,2.267300,2.389026,1.901690,3.036086,1.292629,1.434725,1.838591,1.212923,1.673767,1.604110,1.268320,3.179033,1.145996,1.579813,1.540770,4.100923,1.246872,3.686387,1.624229,2.999904,1.730155,1.876941,3.899712,2.332264,1.966858,1.774186,2.689572,1.691082,3.827183,1.344818,1.556196,3.203155,1.307894,1.316287,1.923360,1.583061,1.606491,1.435037,1.661787,1.537792,1.500762,1.159229,1.610921,1.023946,3.172513,2.536319,2.551046,1.433233,1.405449,2.132299,1.822750,1.335135,1.410818,1.179014,3.726338,3.007397,2.095762,1.333017,1.237881,1.181907,1.390812,1.502199,1.622968,1.990343,1.909920,1.260884,1.377612,1.319660,2.080145,1.440644,1.047462,1.834639,1.142981,2.057009,1.937078,1.216084,1.206974,1.829891,1.372267,1.436481,1.190485,1.329585,1.637497,1.443006,4.507105,2.833087,4.587578,1.810312,4.087382,3.954343,1.728852,1.363524,1.965121,1.512368,1.125580,1.588088,3.809837,1.456850,1.746230,1.024745,2.097349,1.505064,1.816777,1.668623,3.580171,1.279153,4.416770,3.365269,4.732306,1.570519,1.068386,1.157094,1.287561,1.640853,1.548096,1.254409,1.846173,1.252819,1.068232,1.441346,1.831231,1.403606,3.982418,1.427798,1.607512,1.479574,1.426794,1.834261,1.113906,1.403337,1.314178,1.476542,1.486401,1.894487,1.264243,1.564191,1.900540,2.552298,1.780839,2.118154,1.029910,2.486652,1.460295,1.426281,2.987250,1.379890,1.889466,1.881954,2.106999,1.670916,1.446394,1.702189,1.741542,5.031907,1.150290,2.441804,1.321741,2.280308,1.345875,2.549005,2.723162,3.562289,1.643520,1.532112,1.344180,1.053408,1.151077,1.854287,4.323381,1.367618,1.215880,3.679364,1.754924,1.047257,1.264663,1.496235,1.541555,1.297458,1.627562,1.174365,1.452582,1.463008,1.300658,1.642142,1.493102,5.281152,1.294780,1.333953,2.252491,1.593121,1.259476,1.339733,1.089931,1.968767,1.850054,1.360605,1.334424,1.662186,1.305224,1.286295,2.278693,1.756606,1.317265,1.286235,1.291139,4.538607,1.446138,1.311033,1.832733,1.516796,1.460631,1.342344,1.299741,1.887035,2.588030,1.153854,1.165078,1.155566,1.696929,1.094942,1.459032,1.595425,1.191381,